alert,day,priority,verdict,signature,score_ratio,stable_evidence,evidence,hypothesis,true_label
1,test,LOW,anomaly_only,,1.17,4,5,,Analysis
2,test,LOW,anomaly_only,,1.08,2,5,,Analysis
3,test,LOW,anomaly_only,,1.21,5,5,,Backdoor
4,test,LOW,anomaly_only,,1.07,2,5,,Backdoor
5,test,LOW,anomaly_only,,1.01,2,5,,DoS
6,test,LOW,anomaly_only,,1.21,3,5,,DoS
7,test,LOW,anomaly_only,,1.08,4,5,,Exploits
8,test,LOW,anomaly_only,,1.05,5,5,,Exploits
9,test,LOW,anomaly_only,,1.02,4,5,,Fuzzers
10,test,LOW,anomaly_only,,1.13,3,5,,Fuzzers
11,test,LOW,anomaly_only,,1.67,5,5,,Generic
12,test,LOW,anomaly_only,,1.2,5,5,,Generic
13,test,LOW,anomaly_only,,1.32,4,5,,Reconnaissance
14,test,LOW,anomaly_only,,1.06,4,5,,Reconnaissance
15,test,LOW,anomaly_only,,1.0,5,5,,Shellcode
16,test,LOW,anomaly_only,,1.49,5,5,,Worms
17,test,LOW,anomaly_only,,1.46,5,5,,Worms
18,test,LOW,anomaly_only,,1.35,5,5,,Benign
19,test,LOW,anomaly_only,,1.12,5,5,,Benign
20,test,LOW,anomaly_only,,1.05,5,5,,Benign
21,test,LOW,anomaly_only,,1.01,5,5,,Benign
22,test,LOW,anomaly_only,,1.1,5,5,,Benign
