day,label,role,score,native_deletion_drop,native_random_drop,shap_deletion_drop,shap_random_drop,lime_deletion_drop,lime_random_drop,stab_native,stab_shap,stab_lime,agree_native_shap,agree_native_lime,agree_shap_lime,sec_shap,sec_lime
test,Analysis,other_system,5.002348899841309,0.8688822027169841,-0.0874774146586053,0.6788974992148953,-0.13655486375155104,-0.40663514974577625,-0.01657980381590316,1.0,0.6666666666666666,0.6666666666666666,0.3333333333333333,0.05263157894736842,0.05263157894736842,2.7789177894592285,0.017304658889770508
test,Analysis,other_system,4.63157320022583,0.5963026668125403,-0.0358780229216632,-0.11166911348388374,0.11687785088312581,-0.49479572076651285,-0.13745591871561125,1.0,0.3333333333333333,0.5384615384615384,0.25,0.1111111111111111,0.17647058823529413,0.1223447322845459,0.009601116180419922
test,Backdoor,other_system,5.206108093261719,0.3865187585233384,-0.16588523569819508,0.17496152124874262,-0.12713240213559374,0.2377132970924699,-0.06727570225698344,1.0,0.6666666666666666,0.5384615384615384,0.3333333333333333,0.1111111111111111,0.17647058823529413,0.1240072250366211,0.012606382369995117
test,Backdoor,other_system,4.578160285949707,0.8746519800620549,-0.1643693759691747,0.6393680214073207,0.11884573128590681,-0.22189055128166263,-0.16221015314474416,1.0,0.25,0.25,0.25,0.05263157894736842,0.1111111111111111,0.1345226764678955,0.010222196578979492
test,DoS,other_system,4.347993850708008,0.6220940410851686,-0.01721007994792655,0.3262443126886139,-0.21093131720622285,-0.5094106584615202,-0.10859135024993706,1.0,0.17647058823529413,0.5384615384615384,0.1111111111111111,0.1111111111111111,0.1111111111111111,0.12737417221069336,0.012758255004882812
test,DoS,other_system,5.203895568847656,0.12300849579555342,0.010133579846465192,0.15398518096880964,-0.09536582107013784,-0.39076901017083926,-0.08589009236638485,1.0,0.5384615384615384,0.3333333333333333,0.25,0.25,0.17647058823529413,0.13667511940002441,0.009940385818481445
test,Exploits,other_system,4.632492542266846,0.49188329892203864,0.02418956779636692,0.3676133661716881,0.1285309343925748,-0.4199708449058051,-0.24935524652314206,1.0,0.42857142857142855,0.5384615384615384,0.3333333333333333,0.05263157894736842,0.1111111111111111,0.11329245567321777,0.010246753692626953
test,Exploits,other_system,4.500917434692383,0.9389028106609734,0.010819559311712839,-0.036410773802476676,-0.07715158656102802,-0.13172270422648918,-0.00946137633310779,1.0,0.6666666666666666,0.5384615384615384,0.25,0.17647058823529413,0.17647058823529413,0.1254138946533203,0.01050567626953125
test,Fuzzers,other_system,4.370184898376465,0.8905128045503001,0.013501130030264805,0.603910894597253,-0.28189756200045685,-0.4072196248791857,-0.1177846622326987,1.0,0.3333333333333333,0.5384615384615384,0.3333333333333333,0.1111111111111111,0.17647058823529413,0.1266920566558838,0.011416912078857422
test,Fuzzers,other_system,4.858851432800293,0.7467971855575911,-0.0597662757266493,0.5789425241961966,-0.031081671682399226,-0.36491196819992056,-0.011046257679936252,1.0,0.42857142857142855,0.5384615384615384,0.25,0.05263157894736842,0.1111111111111111,0.1369175910949707,0.009834527969360352
test,Generic,other_system,7.173184394836426,0.3653936356200845,-0.0033921169518621223,0.6776229690826008,0.032630825301465195,0.5385572150484824,-0.010241786460904777,1.0,0.6666666666666666,0.8181818181818182,0.17647058823529413,0.1111111111111111,0.6666666666666666,0.10386323928833008,0.011621713638305664
test,Generic,web,5.170088291168213,0.48442578077245546,0.0448606195803956,0.6372825451007155,0.025703549402378758,0.057973861065991596,0.05604195712129127,1.0,1.0,0.42857142857142855,0.5384615384615384,0.25,0.05263157894736842,0.13902592658996582,0.010115385055541992
test,Reconnaissance,other_system,5.687439918518066,0.8600100906628015,-0.06248875204478505,0.24151297064316438,0.21522767070541735,-0.16331305460102583,0.04475199883595629,1.0,0.3333333333333333,0.42857142857142855,0.25,0.05263157894736842,0.1111111111111111,0.10091304779052734,0.010224580764770508
test,Reconnaissance,other_system,4.5547614097595215,0.5350141177857171,-0.2830427645041018,-0.13861058990491362,-0.09498084004643707,-0.12004665131041832,-0.29821830885753287,1.0,0.3333333333333333,0.5384615384615384,0.25,0.25,0.5384615384615384,0.1094977855682373,0.013684272766113281
test,Shellcode,other_system,4.30386209487915,0.15732113527536173,-0.04122525593608044,0.13043417527995266,0.004764863395032851,0.15660895466849112,0.08432273107546184,1.0,0.6666666666666666,0.5384615384615384,0.25,0.05263157894736842,0.1111111111111111,0.12217259407043457,0.014098405838012695
test,Worms,web,6.399960041046143,0.4677712501187261,0.0613433639757579,0.4989103185448803,0.06522607154381697,0.09673404947483609,0.07852432485445802,1.0,0.8181818181818182,0.42857142857142855,0.6666666666666666,0.05263157894736842,0.17647058823529413,0.13359761238098145,0.010608434677124023
test,Worms,web,6.265692710876465,0.5304431620343832,0.05544520984522807,0.5050848069621943,0.10053971542879425,0.14101830163437773,0.054892967096193186,1.0,1.0,0.5384615384615384,0.3333333333333333,0.1111111111111111,0.25,0.15428709983825684,0.009909391403198242
test,Benign,file_transfer,5.7799577713012695,0.04881897134285263,0.08311488191773368,0.6184398208720912,0.04151916595397559,0.22516520880908983,0.04742769263496541,1.0,0.6666666666666666,0.5384615384615384,0.25,0.3333333333333333,0.3333333333333333,0.12756896018981934,0.014452695846557617
test,Benign,other_system,4.798496246337891,-0.1459215973878999,0.09762032713902799,0.24929839948693786,-0.015822148591221448,-0.19444428681864795,-0.023240114952840594,1.0,0.6666666666666666,0.5384615384615384,0.42857142857142855,0.3333333333333333,0.17647058823529413,0.13107681274414062,0.01084136962890625
test,Benign,other_system,4.487882614135742,0.14532816686433325,0.08217871846044504,0.38737568459014804,0.006156107457274314,0.07577182748805016,0.0651269650221834,1.0,0.8181818181818182,0.3333333333333333,0.17647058823529413,0.25,0.17647058823529413,0.11135244369506836,0.013027191162109375
test,Benign,other_system,4.3532633781433105,0.84138346443651,0.1578066183829327,0.8140037868214501,0.28231922822557304,0.016843422903286463,-0.0016552591913717662,1.0,0.5384615384615384,0.5384615384615384,0.5384615384615384,0.05263157894736842,0.17647058823529413,0.10826444625854492,0.01330113410949707
test,Benign,other_system,4.733043670654297,0.2370699556048614,0.13270502564532408,0.8579174953333922,0.12851112035561302,0.1641420363929194,0.10108115882801232,1.0,0.6666666666666666,0.6666666666666666,0.17647058823529413,0.0,0.17647058823529413,0.14656305313110352,0.009699344635009766
