method,fpr_target,recall,precision,test_fpr
ae_concat,0.001,0.004,0.9679,0.0002
ae_concat,0.005,0.5349,0.9862,0.0092
ae_concat,0.01,0.635,0.9745,0.0204
ae_concat,0.02,0.6675,0.9541,0.0394
ae_concat,0.05,0.7356,0.9193,0.0791
ae_concat_knn,0.001,0.2781,0.9896,0.0036
ae_concat_knn,0.005,0.5592,0.98,0.014
ae_concat_knn,0.01,0.6296,0.9681,0.0255
ae_concat_knn,0.02,0.7355,0.9563,0.0411
ae_concat_knn,0.05,0.8117,0.8981,0.1128
ae_concat_knnrole,0.001,0.415,0.9936,0.0033
ae_concat_knnrole,0.005,0.5485,0.9767,0.016
ae_concat_knnrole,0.01,0.6047,0.9676,0.0248
ae_concat_knnrole,0.02,0.7131,0.9465,0.0494
ae_concat_knnrole,0.05,0.7838,0.8899,0.1188
iforest,0.001,0.0923,0.9553,0.0053
iforest,0.005,0.1635,0.9548,0.0095
iforest,0.01,0.2026,0.9486,0.0135
iforest,0.02,0.2472,0.9218,0.0257
iforest,0.05,0.4764,0.8858,0.0752
pca_recon,0.001,0.0001,0.5,0.0001
pca_recon,0.005,0.0114,0.6848,0.0064
pca_recon,0.01,0.0194,0.6184,0.0147
pca_recon,0.02,0.219,0.8881,0.0338
pca_recon,0.05,0.3029,0.8262,0.0781
rf_supervised,0.001,0.9747,0.8629,0.1896
rf_supervised,0.005,0.9747,0.8629,0.1896
rf_supervised,0.01,0.9747,0.8629,0.1896
rf_supervised,0.02,0.9747,0.8629,0.1896
rf_supervised,0.05,0.9747,0.8629,0.1896
ssl_mm_global,0.001,0.0056,0.973,0.0002
ssl_mm_global,0.005,0.0583,0.9241,0.0059
ssl_mm_global,0.01,0.1384,0.9331,0.0122
ssl_mm_global,0.02,0.5241,0.9541,0.0309
ssl_mm_global,0.05,0.7377,0.9276,0.0705
ssl_mm_global_knn,0.001,0.0537,0.9482,0.0036
ssl_mm_global_knn,0.005,0.3612,0.9695,0.0139
ssl_mm_global_knn,0.01,0.5013,0.9617,0.0244
ssl_mm_global_knn,0.02,0.7455,0.9502,0.0479
ssl_mm_global_knn,0.05,0.8125,0.9097,0.0988
ssl_mm_global_latefuse_knn,0.001,0.0139,0.9416,0.0011
ssl_mm_global_latefuse_knn,0.005,0.0362,0.7206,0.0172
ssl_mm_global_latefuse_knn,0.01,0.0362,0.7175,0.0175
ssl_mm_global_latefuse_knn,0.02,0.0362,0.7175,0.0175
ssl_mm_global_latefuse_knn,0.05,0.3801,0.8581,0.077
ssl_mm_role,0.001,0.0099,0.9825,0.0002
ssl_mm_role,0.005,0.0407,0.9116,0.0048
ssl_mm_role,0.01,0.1022,0.9113,0.0122
ssl_mm_role,0.02,0.2659,0.9182,0.029
ssl_mm_role,0.05,0.6917,0.9263,0.0674
ssl_mm_role_fnmask,0.001,0.0105,0.9502,0.0007
ssl_mm_role_fnmask,0.005,0.0386,0.8883,0.0059
ssl_mm_role_fnmask,0.01,0.3535,0.9674,0.0146
ssl_mm_role_fnmask,0.02,0.6418,0.9626,0.0305
ssl_mm_role_fnmask,0.05,0.7376,0.9228,0.0756
ssl_mm_role_fnmask_knn,0.001,0.4754,0.9915,0.005
ssl_mm_role_fnmask_knn,0.005,0.6195,0.9838,0.0125
ssl_mm_role_fnmask_knn,0.01,0.6703,0.9746,0.0214
ssl_mm_role_fnmask_knn,0.02,0.7356,0.9496,0.0478
ssl_mm_role_fnmask_knn,0.05,0.8144,0.8888,0.1249
ssl_mm_role_fnmask_latefuse_knn,0.001,0.0128,0.9293,0.0012
ssl_mm_role_fnmask_latefuse_knn,0.005,0.0128,0.9293,0.0012
ssl_mm_role_fnmask_latefuse_knn,0.01,0.0128,0.9293,0.0012
ssl_mm_role_fnmask_latefuse_knn,0.02,0.0128,0.2538,0.0459
ssl_mm_role_fnmask_latefuse_knn,0.05,0.0128,0.2538,0.0459
ssl_mm_role_knn,0.001,0.4835,0.9917,0.005
ssl_mm_role_knn,0.005,0.5955,0.9843,0.0116
ssl_mm_role_knn,0.01,0.6652,0.9748,0.0211
ssl_mm_role_knn,0.02,0.7246,0.9448,0.0519
ssl_mm_role_knn,0.05,0.8007,0.8919,0.1188
ssl_mm_role_latefuse_knn,0.001,0.0208,0.9235,0.0021
ssl_mm_role_latefuse_knn,0.005,0.0461,0.8583,0.0093
ssl_mm_role_latefuse_knn,0.01,0.0461,0.8583,0.0093
ssl_mm_role_latefuse_knn,0.02,0.0461,0.8583,0.0093
ssl_mm_role_latefuse_knn,0.05,0.0461,0.8583,0.0093
ssl_no_contrastive,0.001,0.0035,0.6897,0.0019
ssl_no_contrastive,0.005,0.4261,0.9832,0.0089
ssl_no_contrastive,0.01,0.6212,0.9792,0.0162
ssl_no_contrastive,0.02,0.6408,0.9619,0.0311
ssl_no_contrastive,0.05,0.6982,0.9086,0.086
ssl_no_contrastive_knn,0.001,0.4674,0.9924,0.0044
ssl_no_contrastive_knn,0.005,0.6112,0.9826,0.0132
ssl_no_contrastive_knn,0.01,0.6692,0.9702,0.0252
ssl_no_contrastive_knn,0.02,0.7145,0.9451,0.0509
ssl_no_contrastive_knn,0.05,0.7854,0.893,0.1154
ssl_no_contrastive_latefuse_knn,0.001,0.0128,0.9293,0.0012
ssl_no_contrastive_latefuse_knn,0.005,0.0128,0.9293,0.0012
ssl_no_contrastive_latefuse_knn,0.01,0.0128,0.9293,0.0012
ssl_no_contrastive_latefuse_knn,0.02,0.0128,0.2538,0.0459
ssl_no_contrastive_latefuse_knn,0.05,0.0128,0.2538,0.0459
ssl_only_application,0.001,0.0002,0.9,0.0
ssl_only_application,0.005,0.0007,0.7949,0.0002
ssl_only_application,0.01,0.038,0.8438,0.0086
ssl_only_application,0.02,0.0574,0.8719,0.0103
ssl_only_application,0.05,0.0844,0.553,0.0836
ssl_only_application_knn,0.001,0.0212,0.9562,0.0012
ssl_only_application_knn,0.005,0.0333,0.9112,0.004
ssl_only_application_knn,0.01,0.0333,0.9112,0.004
ssl_only_application_knn,0.02,0.042,0.7698,0.0154
ssl_only_application_knn,0.05,0.0784,0.7063,0.0399
ssl_only_categorical,0.001,0.0,0.0,0.0
ssl_only_categorical,0.005,0.0177,0.8515,0.0038
ssl_only_categorical,0.01,0.0177,0.8515,0.0038
ssl_only_categorical,0.02,0.0177,0.8515,0.0038
ssl_only_categorical,0.05,0.4199,0.9126,0.0493
ssl_only_categorical_knn,0.001,0.0128,0.9293,0.0012
ssl_only_categorical_knn,0.005,0.0128,0.9293,0.0012
ssl_only_categorical_knn,0.01,0.0128,0.9293,0.0012
ssl_only_categorical_knn,0.02,0.0128,0.9293,0.0012
ssl_only_categorical_knn,0.05,0.0301,0.6315,0.0215
ssl_only_context,0.001,0.0325,0.8927,0.0048
ssl_only_context,0.005,0.3255,0.9547,0.0189
ssl_only_context,0.01,0.5012,0.948,0.0336
ssl_only_context,0.02,0.5423,0.9347,0.0464
ssl_only_context,0.05,0.6081,0.8984,0.0842
ssl_only_context_knn,0.001,0.4338,0.9906,0.0051
ssl_only_context_knn,0.005,0.4906,0.9612,0.0243
ssl_only_context_knn,0.01,0.5177,0.9405,0.0402
ssl_only_context_knn,0.02,0.5869,0.9144,0.0674
ssl_only_context_knn,0.05,0.6783,0.8655,0.1291
ssl_only_timing_tcp,0.001,0.0101,0.8928,0.0015
ssl_only_timing_tcp,0.005,0.4539,0.9879,0.0068
ssl_only_timing_tcp,0.01,0.4677,0.9778,0.013
ssl_only_timing_tcp,0.02,0.4835,0.961,0.0241
ssl_only_timing_tcp,0.05,0.5846,0.9018,0.078
ssl_only_timing_tcp_knn,0.001,0.4273,0.9934,0.0035
ssl_only_timing_tcp_knn,0.005,0.4589,0.9823,0.0101
ssl_only_timing_tcp_knn,0.01,0.4921,0.9638,0.0226
ssl_only_timing_tcp_knn,0.02,0.5259,0.9323,0.0468
ssl_only_timing_tcp_knn,0.05,0.5895,0.8637,0.114
ssl_only_volume,0.001,0.4071,0.9964,0.0018
ssl_only_volume,0.005,0.4104,0.991,0.0046
ssl_only_volume,0.01,0.4504,0.9859,0.0079
ssl_only_volume,0.02,0.5005,0.9693,0.0194
ssl_only_volume,0.05,0.5288,0.9303,0.0485
ssl_only_volume_knn,0.001,0.4257,0.9902,0.0052
ssl_only_volume_knn,0.005,0.473,0.9646,0.0213
ssl_only_volume_knn,0.01,0.5082,0.9517,0.0316
ssl_only_volume_knn,0.02,0.554,0.9347,0.0474
ssl_only_volume_knn,0.05,0.7208,0.8888,0.1105
