method,day,roc_auc,pr_auc,accuracy,precision,recall,f1,fpr,mcc,attack_rate
ae_concat,test,0.9103,0.9292,0.7899,0.9745,0.635,0.769,0.0204,0.6374,0.5506
ae_concat_knn,test,0.9305,0.9409,0.7846,0.9681,0.6296,0.763,0.0255,0.6268,0.5506
ae_concat_knnrole,test,0.9282,0.9442,0.7712,0.9676,0.6047,0.7443,0.0248,0.6072,0.5506
iforest,test,0.829,0.8485,0.5549,0.9486,0.2026,0.3338,0.0135,0.292,0.5506
pca_recon,test,0.8375,0.8154,0.4535,0.6184,0.0194,0.0376,0.0147,0.0181,0.5506
rf_supervised,test,0.9846,0.9884,0.9008,0.8629,0.9747,0.9154,0.1896,0.8053,0.5506
ssl_mm_global,test,0.9007,0.9039,0.5202,0.9331,0.1384,0.2411,0.0122,0.2293,0.5506
ssl_mm_global_knn,test,0.914,0.9204,0.7145,0.9617,0.5013,0.6591,0.0244,0.5244,0.5506
ssl_mm_global_latefuse_knn,test,0.8037,0.7665,0.4615,0.7175,0.0362,0.069,0.0175,0.0567,0.5506
ssl_mm_role,test,0.8918,0.8885,0.5002,0.9113,0.1022,0.1839,0.0122,0.1861,0.5506
ssl_mm_role_fnmask,test,0.9103,0.9149,0.6375,0.9674,0.3535,0.5177,0.0146,0.4205,0.5506
ssl_mm_role_fnmask_knn,test,0.9359,0.9514,0.8088,0.9746,0.6703,0.7943,0.0214,0.6654,0.5506
ssl_mm_role_fnmask_latefuse_knn,test,0.7179,0.6427,0.4559,0.9293,0.0128,0.0252,0.0012,0.0664,0.5506
ssl_mm_role_knn,test,0.9284,0.9467,0.8062,0.9748,0.6652,0.7908,0.0211,0.6616,0.5506
ssl_mm_role_latefuse_knn,test,0.7561,0.7445,0.4706,0.8583,0.0461,0.0875,0.0093,0.108,0.5506
ssl_no_contrastive,test,0.8993,0.9143,0.7842,0.9792,0.6212,0.7602,0.0162,0.6313,0.5506
ssl_no_contrastive_knn,test,0.9232,0.9431,0.8066,0.9702,0.6692,0.7921,0.0252,0.6601,0.5506
ssl_no_contrastive_latefuse_knn,test,0.6548,0.64,0.4559,0.9293,0.0128,0.0252,0.0012,0.0664,0.5506
ssl_only_application,test,0.5056,0.5708,0.4665,0.8438,0.038,0.0727,0.0086,0.094,0.5506
ssl_only_application_knn,test,0.5179,0.5748,0.4659,0.9112,0.0333,0.0642,0.004,0.1039,0.5506
ssl_only_categorical,test,0.7575,0.7945,0.4575,0.8515,0.0177,0.0347,0.0038,0.0651,0.5506
ssl_only_categorical_knn,test,0.4581,0.5793,0.4559,0.9293,0.0128,0.0252,0.0012,0.0664,0.5506
ssl_only_context,test,0.846,0.8687,0.7102,0.948,0.5012,0.6557,0.0336,0.512,0.5506
ssl_only_context_knn,test,0.8007,0.8756,0.7164,0.9405,0.5177,0.6678,0.0402,0.5168,0.5506
ssl_only_timing_tcp,test,0.7469,0.8431,0.7011,0.9778,0.4677,0.6327,0.013,0.5135,0.5506
ssl_only_timing_tcp_knn,test,0.74,0.843,0.7102,0.9638,0.4921,0.6515,0.0226,0.5195,0.5506
ssl_only_volume,test,0.7462,0.8384,0.6938,0.9859,0.4504,0.6183,0.0079,0.5073,0.5506
ssl_only_volume_knn,test,0.9155,0.9295,0.715,0.9517,0.5082,0.6626,0.0316,0.5203,0.5506
