attack,n_flows,ae_concat,ae_concat_knn,ae_concat_knnrole,iforest,pca_recon,rf_supervised,ssl_mm_global,ssl_mm_global_knn,ssl_mm_global_latefuse_knn,ssl_mm_role,ssl_mm_role_fnmask,ssl_mm_role_fnmask_knn,ssl_mm_role_fnmask_latefuse_knn,ssl_mm_role_knn,ssl_mm_role_latefuse_knn,ssl_no_contrastive,ssl_no_contrastive_knn,ssl_no_contrastive_latefuse_knn,ssl_only_application,ssl_only_application_knn,ssl_only_categorical,ssl_only_categorical_knn,ssl_only_context,ssl_only_context_knn,ssl_only_timing_tcp,ssl_only_timing_tcp_knn,ssl_only_volume,ssl_only_volume_knn
Analysis,677,0.9143,0.6145,0.6322,0.0,0.0074,0.9911,0.5495,0.8685,0.0,0.3117,0.452,0.8966,0.0,0.8936,0.0,0.9143,0.9114,0.0,0.0,0.0,0.0,0.0,0.4904,0.5451,0.0,0.0266,0.0103,0.0502
Backdoor,583,0.9108,0.705,0.7153,0.0103,0.0223,0.9983,0.6432,0.9091,0.0069,0.3533,0.5111,0.916,0.0,0.916,0.0034,0.9091,0.916,0.0,0.0086,0.0034,0.0069,0.0,0.5283,0.6295,0.0103,0.0703,0.0292,0.0961
DoS,4089,0.7554,0.5168,0.5177,0.0144,0.034,0.9985,0.3419,0.7109,0.0616,0.2705,0.3558,0.7427,0.0147,0.7376,0.0734,0.7415,0.7652,0.0147,0.0311,0.0589,0.033,0.0147,0.2942,0.2886,0.0849,0.134,0.0655,0.1756
Exploits,11132,0.4125,0.5026,0.4071,0.0088,0.0336,0.9933,0.2523,0.5995,0.1114,0.1974,0.2274,0.5249,0.0398,0.5074,0.1412,0.3631,0.5098,0.0398,0.0899,0.1009,0.0493,0.0398,0.1365,0.1823,0.1779,0.2603,0.1154,0.2863
Fuzzers,6062,0.2295,0.1994,0.2057,0.0046,0.052,0.8266,0.1468,0.2537,0.0012,0.0874,0.1229,0.2592,0.0036,0.2585,0.0048,0.2234,0.2616,0.0036,0.0274,0.0012,0.0058,0.0036,0.1643,0.1483,0.0302,0.0604,0.0262,0.0754
Generic,18871,0.9638,0.9769,0.9742,0.4755,0.0004,0.9999,0.0122,0.5363,0.0066,0.0092,0.5548,0.9766,0.0015,0.976,0.0078,0.9656,0.9758,0.0015,0.0013,0.0064,0.0019,0.0015,0.9553,0.9664,0.9711,0.9705,0.9659,0.975
Reconnaissance,3496,0.1055,0.1001,0.0787,0.0051,0.0074,0.9989,0.0558,0.1015,0.0029,0.0572,0.0606,0.1001,0.0072,0.0993,0.01,0.1033,0.1044,0.0072,0.1078,0.0029,0.0129,0.0072,0.0898,0.1033,0.0958,0.0326,0.1207,0.0443
Shellcode,378,0.0053,0.0053,0.0132,0.0,0.0,0.9894,0.0026,0.0132,0.0,0.0026,0.0,0.0159,0.0,0.0317,0.0,0.0,0.0185,0.0,0.0,0.0,0.0,0.0,0.0503,0.0661,0.0,0.0132,0.0,0.0503
Worms,44,0.1591,0.2727,0.1818,0.0,0.0,1.0,0.1136,0.2273,0.1136,0.2273,0.1591,0.1818,0.0,0.1818,0.1136,0.0455,0.2045,0.0,0.5,0.1136,0.0,0.0,0.0455,0.0455,0.5455,0.0682,0.7045,0.25
