method,day,attack,seconds_to_first_detection
ae_concat,test,Analysis,0.0
ae_concat,test,Backdoor,0.0
ae_concat,test,DoS,7.0
ae_concat,test,Exploits,73.0
ae_concat,test,Fuzzers,148.0
ae_concat,test,Generic,0.0
ae_concat,test,Reconnaissance,242.0
ae_concat,test,Shellcode,44709.0
ae_concat,test,Worms,5756.0
ae_concat_knn,test,Analysis,0.0
ae_concat_knn,test,Backdoor,0.0
ae_concat_knn,test,DoS,7.0
ae_concat_knn,test,Exploits,21.0
ae_concat_knn,test,Fuzzers,87.0
ae_concat_knn,test,Generic,0.0
ae_concat_knn,test,Reconnaissance,121.0
ae_concat_knn,test,Shellcode,66981.0
ae_concat_knn,test,Worms,5756.0
ae_concat_knnrole,test,Analysis,0.0
ae_concat_knnrole,test,Backdoor,0.0
ae_concat_knnrole,test,DoS,7.0
ae_concat_knnrole,test,Exploits,21.0
ae_concat_knnrole,test,Fuzzers,87.0
ae_concat_knnrole,test,Generic,0.0
ae_concat_knnrole,test,Reconnaissance,121.0
ae_concat_knnrole,test,Shellcode,51809.0
ae_concat_knnrole,test,Worms,5756.0
iforest,test,Analysis,
iforest,test,Backdoor,23416.0
iforest,test,DoS,397.0
iforest,test,Exploits,955.0
iforest,test,Fuzzers,4707.0
iforest,test,Generic,8.0
iforest,test,Reconnaissance,755.0
iforest,test,Shellcode,
iforest,test,Worms,
pca_recon,test,Analysis,4987.0
pca_recon,test,Backdoor,3050.0
pca_recon,test,DoS,7.0
pca_recon,test,Exploits,955.0
pca_recon,test,Fuzzers,172.0
pca_recon,test,Generic,9134.0
pca_recon,test,Reconnaissance,755.0
pca_recon,test,Shellcode,
pca_recon,test,Worms,
rf_supervised,test,Analysis,0.0
rf_supervised,test,Backdoor,0.0
rf_supervised,test,DoS,0.0
rf_supervised,test,Exploits,0.0
rf_supervised,test,Fuzzers,0.0
rf_supervised,test,Generic,0.0
rf_supervised,test,Reconnaissance,0.0
rf_supervised,test,Shellcode,0.0
rf_supervised,test,Worms,0.0
ssl_mm_global,test,Analysis,0.0
ssl_mm_global,test,Backdoor,0.0
ssl_mm_global,test,DoS,7.0
ssl_mm_global,test,Exploits,73.0
ssl_mm_global,test,Fuzzers,148.0
ssl_mm_global,test,Generic,701.0
ssl_mm_global,test,Reconnaissance,516.0
ssl_mm_global,test,Shellcode,51809.0
ssl_mm_global,test,Worms,17570.0
ssl_mm_global_knn,test,Analysis,0.0
ssl_mm_global_knn,test,Backdoor,0.0
ssl_mm_global_knn,test,DoS,7.0
ssl_mm_global_knn,test,Exploits,21.0
ssl_mm_global_knn,test,Fuzzers,87.0
ssl_mm_global_knn,test,Generic,0.0
ssl_mm_global_knn,test,Reconnaissance,121.0
ssl_mm_global_knn,test,Shellcode,11706.0
ssl_mm_global_knn,test,Worms,5756.0
ssl_mm_global_latefuse_knn,test,Analysis,
ssl_mm_global_latefuse_knn,test,Backdoor,9292.0
ssl_mm_global_latefuse_knn,test,DoS,361.0
ssl_mm_global_latefuse_knn,test,Exploits,65.0
ssl_mm_global_latefuse_knn,test,Fuzzers,10898.0
ssl_mm_global_latefuse_knn,test,Generic,2716.0
ssl_mm_global_latefuse_knn,test,Reconnaissance,15153.0
ssl_mm_global_latefuse_knn,test,Shellcode,
ssl_mm_global_latefuse_knn,test,Worms,5756.0
ssl_mm_role,test,Analysis,997.0
ssl_mm_role,test,Backdoor,479.0
ssl_mm_role,test,DoS,7.0
ssl_mm_role,test,Exploits,74.0
ssl_mm_role,test,Fuzzers,148.0
ssl_mm_role,test,Generic,701.0
ssl_mm_role,test,Reconnaissance,516.0
ssl_mm_role,test,Shellcode,51809.0
ssl_mm_role,test,Worms,5756.0
ssl_mm_role_fnmask,test,Analysis,997.0
ssl_mm_role_fnmask,test,Backdoor,0.0
ssl_mm_role_fnmask,test,DoS,7.0
ssl_mm_role_fnmask,test,Exploits,73.0
ssl_mm_role_fnmask,test,Fuzzers,148.0
ssl_mm_role_fnmask,test,Generic,0.0
ssl_mm_role_fnmask,test,Reconnaissance,755.0
ssl_mm_role_fnmask,test,Shellcode,
ssl_mm_role_fnmask,test,Worms,5756.0
ssl_mm_role_fnmask_knn,test,Analysis,0.0
ssl_mm_role_fnmask_knn,test,Backdoor,0.0
ssl_mm_role_fnmask_knn,test,DoS,7.0
ssl_mm_role_fnmask_knn,test,Exploits,21.0
ssl_mm_role_fnmask_knn,test,Fuzzers,87.0
ssl_mm_role_fnmask_knn,test,Generic,0.0
ssl_mm_role_fnmask_knn,test,Reconnaissance,242.0
ssl_mm_role_fnmask_knn,test,Shellcode,11706.0
ssl_mm_role_fnmask_knn,test,Worms,5756.0
ssl_mm_role_fnmask_latefuse_knn,test,Analysis,
ssl_mm_role_fnmask_latefuse_knn,test,Backdoor,
ssl_mm_role_fnmask_latefuse_knn,test,DoS,265.0
ssl_mm_role_fnmask_latefuse_knn,test,Exploits,126.0
ssl_mm_role_fnmask_latefuse_knn,test,Fuzzers,1439.0
ssl_mm_role_fnmask_latefuse_knn,test,Generic,1113.0
ssl_mm_role_fnmask_latefuse_knn,test,Reconnaissance,2234.0
ssl_mm_role_fnmask_latefuse_knn,test,Shellcode,
ssl_mm_role_fnmask_latefuse_knn,test,Worms,
ssl_mm_role_knn,test,Analysis,0.0
ssl_mm_role_knn,test,Backdoor,0.0
ssl_mm_role_knn,test,DoS,7.0
ssl_mm_role_knn,test,Exploits,21.0
ssl_mm_role_knn,test,Fuzzers,87.0
ssl_mm_role_knn,test,Generic,0.0
ssl_mm_role_knn,test,Reconnaissance,242.0
ssl_mm_role_knn,test,Shellcode,2712.0
ssl_mm_role_knn,test,Worms,5756.0
ssl_mm_role_latefuse_knn,test,Analysis,
ssl_mm_role_latefuse_knn,test,Backdoor,18487.0
ssl_mm_role_latefuse_knn,test,DoS,265.0
ssl_mm_role_latefuse_knn,test,Exploits,65.0
ssl_mm_role_latefuse_knn,test,Fuzzers,1439.0
ssl_mm_role_latefuse_knn,test,Generic,1113.0
ssl_mm_role_latefuse_knn,test,Reconnaissance,2234.0
ssl_mm_role_latefuse_knn,test,Shellcode,
ssl_mm_role_latefuse_knn,test,Worms,5756.0
ssl_no_contrastive,test,Analysis,0.0
ssl_no_contrastive,test,Backdoor,0.0
ssl_no_contrastive,test,DoS,7.0
ssl_no_contrastive,test,Exploits,73.0
ssl_no_contrastive,test,Fuzzers,148.0
ssl_no_contrastive,test,Generic,0.0
ssl_no_contrastive,test,Reconnaissance,242.0
ssl_no_contrastive,test,Shellcode,
ssl_no_contrastive,test,Worms,17928.0
ssl_no_contrastive_knn,test,Analysis,0.0
ssl_no_contrastive_knn,test,Backdoor,0.0
ssl_no_contrastive_knn,test,DoS,7.0
ssl_no_contrastive_knn,test,Exploits,21.0
ssl_no_contrastive_knn,test,Fuzzers,87.0
ssl_no_contrastive_knn,test,Generic,0.0
ssl_no_contrastive_knn,test,Reconnaissance,242.0
ssl_no_contrastive_knn,test,Shellcode,11706.0
ssl_no_contrastive_knn,test,Worms,5756.0
ssl_no_contrastive_latefuse_knn,test,Analysis,
ssl_no_contrastive_latefuse_knn,test,Backdoor,
ssl_no_contrastive_latefuse_knn,test,DoS,265.0
ssl_no_contrastive_latefuse_knn,test,Exploits,126.0
ssl_no_contrastive_latefuse_knn,test,Fuzzers,1439.0
ssl_no_contrastive_latefuse_knn,test,Generic,1113.0
ssl_no_contrastive_latefuse_knn,test,Reconnaissance,2234.0
ssl_no_contrastive_latefuse_knn,test,Shellcode,
ssl_no_contrastive_latefuse_knn,test,Worms,
ssl_only_application,test,Analysis,
ssl_only_application,test,Backdoor,1608.0
ssl_only_application,test,DoS,308.0
ssl_only_application,test,Exploits,172.0
ssl_only_application,test,Fuzzers,137.0
ssl_only_application,test,Generic,2532.0
ssl_only_application,test,Reconnaissance,375.0
ssl_only_application,test,Shellcode,
ssl_only_application,test,Worms,0.0
ssl_only_application_knn,test,Analysis,
ssl_only_application_knn,test,Backdoor,18487.0
ssl_only_application_knn,test,DoS,361.0
ssl_only_application_knn,test,Exploits,65.0
ssl_only_application_knn,test,Fuzzers,10898.0
ssl_only_application_knn,test,Generic,2716.0
ssl_only_application_knn,test,Reconnaissance,15153.0
ssl_only_application_knn,test,Shellcode,
ssl_only_application_knn,test,Worms,5756.0
ssl_only_categorical,test,Analysis,
ssl_only_categorical,test,Backdoor,30003.0
ssl_only_categorical,test,DoS,265.0
ssl_only_categorical,test,Exploits,126.0
ssl_only_categorical,test,Fuzzers,1439.0
ssl_only_categorical,test,Generic,1113.0
ssl_only_categorical,test,Reconnaissance,755.0
ssl_only_categorical,test,Shellcode,
ssl_only_categorical,test,Worms,
ssl_only_categorical_knn,test,Analysis,
ssl_only_categorical_knn,test,Backdoor,
ssl_only_categorical_knn,test,DoS,265.0
ssl_only_categorical_knn,test,Exploits,126.0
ssl_only_categorical_knn,test,Fuzzers,1439.0
ssl_only_categorical_knn,test,Generic,1113.0
ssl_only_categorical_knn,test,Reconnaissance,2234.0
ssl_only_categorical_knn,test,Shellcode,
ssl_only_categorical_knn,test,Worms,
ssl_only_context,test,Analysis,997.0
ssl_only_context,test,Backdoor,0.0
ssl_only_context,test,DoS,0.0
ssl_only_context,test,Exploits,74.0
ssl_only_context,test,Fuzzers,105.0
ssl_only_context,test,Generic,0.0
ssl_only_context,test,Reconnaissance,232.0
ssl_only_context,test,Shellcode,4700.0
ssl_only_context,test,Worms,79043.0
ssl_only_context_knn,test,Analysis,0.0
ssl_only_context_knn,test,Backdoor,0.0
ssl_only_context_knn,test,DoS,65.0
ssl_only_context_knn,test,Exploits,51.0
ssl_only_context_knn,test,Fuzzers,148.0
ssl_only_context_knn,test,Generic,0.0
ssl_only_context_knn,test,Reconnaissance,60.0
ssl_only_context_knn,test,Shellcode,11521.0
ssl_only_context_knn,test,Worms,79043.0
ssl_only_timing_tcp,test,Analysis,
ssl_only_timing_tcp,test,Backdoor,1608.0
ssl_only_timing_tcp,test,DoS,103.0
ssl_only_timing_tcp,test,Exploits,65.0
ssl_only_timing_tcp,test,Fuzzers,424.0
ssl_only_timing_tcp,test,Generic,0.0
ssl_only_timing_tcp,test,Reconnaissance,375.0
ssl_only_timing_tcp,test,Shellcode,
ssl_only_timing_tcp,test,Worms,0.0
ssl_only_timing_tcp_knn,test,Analysis,1899.0
ssl_only_timing_tcp_knn,test,Backdoor,3050.0
ssl_only_timing_tcp_knn,test,DoS,7.0
ssl_only_timing_tcp_knn,test,Exploits,21.0
ssl_only_timing_tcp_knn,test,Fuzzers,87.0
ssl_only_timing_tcp_knn,test,Generic,0.0
ssl_only_timing_tcp_knn,test,Reconnaissance,121.0
ssl_only_timing_tcp_knn,test,Shellcode,2578.0
ssl_only_timing_tcp_knn,test,Worms,5756.0
ssl_only_volume,test,Analysis,10044.0
ssl_only_volume,test,Backdoor,1608.0
ssl_only_volume,test,DoS,186.0
ssl_only_volume,test,Exploits,125.0
ssl_only_volume,test,Fuzzers,172.0
ssl_only_volume,test,Generic,0.0
ssl_only_volume,test,Reconnaissance,422.0
ssl_only_volume,test,Shellcode,
ssl_only_volume,test,Worms,0.0
ssl_only_volume_knn,test,Analysis,504.0
ssl_only_volume_knn,test,Backdoor,1113.0
ssl_only_volume_knn,test,DoS,7.0
ssl_only_volume_knn,test,Exploits,21.0
ssl_only_volume_knn,test,Fuzzers,87.0
ssl_only_volume_knn,test,Generic,0.0
ssl_only_volume_knn,test,Reconnaissance,1.0
ssl_only_volume_knn,test,Shellcode,1210.0
ssl_only_volume_knn,test,Worms,5756.0
