file,feature,count,mean,std,min,25%,50%,75%,max
Monday,age,343005.0,27.628889083862305,163.15365600585938,0.0,0.0,0.0,6.0,28503.0
Monday,pkts_ts,343005.0,15.840731620788574,2278.20361328125,1.0,2.0,2.0,10.0,1044522.0
Monday,pkts_tc,343005.0,18.1389217376709,3021.360107421875,0.0,2.0,2.0,8.0,1389757.0
Monday,dst_port,343005.0,273.941598518972,2063.274371410375,0.0,53.0,53.0,443.0,65490.0
Monday,proto_num,343005.0,12.660346059095348,5.417145040870031,1.0,6.0,17.0,17.0,58.0
Tuesday,age,294471.0,28.860363006591797,179.01730346679688,0.0,0.0,0.0,6.0,28730.0
Tuesday,pkts_ts,294471.0,17.61188316345215,2069.20068359375,1.0,2.0,2.0,10.0,798346.0
Tuesday,pkts_tc,294471.0,21.36113166809082,2812.197265625,0.0,2.0,2.0,9.0,1074722.0
Tuesday,dst_port,294471.0,295.193954582964,2453.9082065935822,0.0,53.0,53.0,137.0,65390.0
Tuesday,proto_num,294471.0,12.906724261472267,5.357763566892433,6.0,6.0,17.0,17.0,58.0
Wednesday,age,468827.0,20.297048568725586,133.5475616455078,0.0,0.0,0.0,1.0,30291.0
Wednesday,pkts_ts,468827.0,13.914047241210938,1986.1705322265625,1.0,2.0,7.0,9.0,1046341.0
Wednesday,pkts_tc,468827.0,15.236343383789062,2634.874755859375,0.0,2.0,5.0,7.0,1411791.0
Wednesday,dst_port,468827.0,419.5890125782005,3701.9968269262463,0.0,53.0,80.0,80.0,65490.0
Wednesday,proto_num,468827.0,10.465244109234323,5.411573720634494,1.0,6.0,6.0,17.0,58.0
Thursday,age,334342.0,22.39889907836914,132.39146423339844,0.0,0.0,0.0,3.0,12327.0
Thursday,pkts_ts,334342.0,12.796675682067871,1838.2685546875,1.0,2.0,2.0,5.0,1042889.0
Thursday,pkts_tc,334342.0,14.746304512023926,2478.3544921875,0.0,2.0,2.0,4.0,1407985.0
Thursday,dst_port,334342.0,2197.4324224895468,8031.482206809462,0.0,53.0,53.0,443.0,65529.0
Thursday,proto_num,334342.0,11.659985882718892,5.533838552085585,1.0,6.0,17.0,17.0,58.0
Friday,age,523175.0,15.05955982208252,119.50828552246094,0.0,0.0,0.0,5.0,28913.0
Friday,pkts_ts,523175.0,9.117972373962402,1469.6915283203125,1.0,1.0,2.0,8.0,1046329.0
Friday,pkts_tc,523175.0,9.871895790100098,1991.6988525390625,0.0,1.0,2.0,5.0,1420035.0
Friday,dst_port,523175.0,3006.0902069097338,9066.70504909089,0.0,53.0,80.0,1080.0,65512.0
Friday,proto_num,523175.0,9.740234147273856,5.3849933757565545,1.0,6.0,6.0,17.0,132.0
