file,feature,missing,infinite,negative,zero_fraction,n_unique,constant
Monday,pkts_ts,0,0,0,0.0,683,False
Monday,pkts_tc,0,0,0,0.0211,873,False
Monday,bytes_ts,0,0,0,0.0,12089,False
Monday,bytes_tc,0,0,0,0.0211,27276,False
Monday,age,0,0,0,0.6199,1009,False
Monday,bytes_per_pkt_ts,0,0,0,0.0,33199,False
Monday,bytes_per_pkt_tc,0,0,0,0.0211,46571,False
Monday,dir_ratio,0,0,0,0.0,92570,False
Monday,proto_tcp,0,0,0,0.6047,2,False
Monday,proto_udp,0,0,0,0.3955,2,False
Monday,proto_icmp,0,0,0,1.0,2,False
Monday,state_new,0,0,0,0.9781,2,False
Monday,state_established,0,0,0,0.3958,2,False
Monday,state_closed,0,0,0,0.6262,2,False
Monday,reason_timeout,0,0,0,0.0337,2,False
Monday,reason_forced,0,0,0,1.0,1,True
Monday,reason_shutdown,0,0,0,0.9664,2,False
Monday,ts_fin,0,0,0,0.6316,2,False
Monday,ts_syn,0,0,0,0.6159,2,False
Monday,ts_rst,0,0,0,0.9088,2,False
Monday,ts_psh,0,0,0,0.6429,2,False
Monday,ts_ack,0,0,0,0.6188,2,False
Monday,ts_urg,0,0,0,1.0,1,True
Monday,ts_ece,0,0,0,0.9998,2,False
Monday,ts_cwr,0,0,0,0.9998,2,False
Monday,tc_fin,0,0,0,0.6416,2,False
Monday,tc_syn,0,0,0,0.6184,2,False
Monday,tc_rst,0,0,0,0.9725,2,False
Monday,tc_psh,0,0,0,0.6451,2,False
Monday,tc_ack,0,0,0,0.6171,2,False
Monday,tc_urg,0,0,0,1.0,1,True
Monday,tc_ece,0,0,0,0.9998,2,False
Monday,tc_cwr,0,0,0,1.0,2,False
Monday,has_tcp,0,0,0,0.6047,2,False
Monday,tcp_closed,0,0,0,0.6352,2,False
Monday,tcp_established,0,0,0,0.999,2,False
Monday,n_dns,0,0,0,0.4141,13,False
Monday,n_dns_query,0,0,0,0.4141,13,False
Monday,n_dns_answer,0,0,0,0.4141,13,False
Monday,dns_name_len,0,0,0,0.4141,78,False
Monday,dns_A,0,0,0,0.5975,11,False
Monday,dns_AAAA,0,0,0,0.8286,8,False
Monday,dns_PTR,0,0,0,0.9638,9,False
Monday,dns_other_type,0,0,0,0.9927,4,False
Monday,dns_nxdomain,0,0,0,0.9882,5,False
Monday,dns_servfail,0,0,0,0.9925,4,False
Monday,dns_n_answers,0,0,0,0.499,65,False
Monday,dns_ttl_min,0,0,0,0.5558,6925,False
Monday,n_http,0,0,0,0.9234,73,False
Monday,http_get,0,0,0,0.9512,71,False
Monday,http_post,0,0,0,0.9728,22,False
Monday,http_other_method,0,0,0,0.9995,7,False
Monday,http_2xx,0,0,0,0.9377,63,False
Monday,http_3xx,0,0,0,0.9852,32,False
Monday,http_4xx,0,0,0,0.9987,12,False
Monday,http_5xx,0,0,0,0.9999,2,False
Monday,http_url_len,0,0,0,0.9234,901,False
Monday,http_host_len,0,0,0,0.924,47,False
Monday,http_ua_len,0,0,0,0.924,26,False
Monday,http_has_referer,0,0,0,0.9569,2,False
Monday,http_length,0,0,0,0.9384,4289,False
Monday,n_fileinfo,0,0,0,0.9381,63,False
Monday,fileinfo_size,0,0,0,0.9381,3733,False
Monday,has_tls,0,0,0,0.7306,2,False
Monday,tls_v10,0,0,0,1.0,1,True
Monday,tls_v11,0,0,0,0.9997,2,False
Monday,tls_v12,0,0,0,0.8105,2,False
Monday,tls_sni_len,0,0,0,0.7308,64,False
Monday,tls_resumed,0,0,0,0.9015,2,False
Monday,tls_self_signed,0,0,0,1.0,2,False
Monday,tls_valid_days,0,0,0,0.8293,470,False
Monday,has_ssh,0,0,0,0.9969,2,False
Monday,ssh_sw_len,0,0,0,0.9969,2,False
Monday,n_ftp,0,0,0,0.9987,3,False
Monday,ftp_err,0,0,0,1.0,1,True
Monday,n_anomaly,0,0,0,0.9844,44,False
Monday,dst_port,0,0,0,0.0002,664,False
Monday,proto_num,0,0,0,0.0,4,False
Tuesday,pkts_ts,0,0,0,0.0,647,False
Tuesday,pkts_tc,0,0,0,0.0193,789,False
Tuesday,bytes_ts,0,0,0,0.0,11379,False
Tuesday,bytes_tc,0,0,0,0.0193,26140,False
Tuesday,age,0,0,0,0.6088,993,False
Tuesday,bytes_per_pkt_ts,0,0,0,0.0,29327,False
Tuesday,bytes_per_pkt_tc,0,0,0,0.0193,42427,False
Tuesday,dir_ratio,0,0,0,0.0,82170,False
Tuesday,proto_tcp,0,0,0,0.6271,2,False
Tuesday,proto_udp,0,0,0,0.3731,2,False
Tuesday,proto_icmp,0,0,0,1.0,1,True
Tuesday,state_new,0,0,0,0.979,2,False
Tuesday,state_established,0,0,0,0.3777,2,False
Tuesday,state_closed,0,0,0,0.6433,2,False
Tuesday,reason_timeout,0,0,0,0.0277,2,False
Tuesday,reason_forced,0,0,0,1.0,1,True
Tuesday,reason_shutdown,0,0,0,0.9724,2,False
Tuesday,ts_fin,0,0,0,0.6553,2,False
Tuesday,ts_syn,0,0,0,0.634,2,False
Tuesday,ts_rst,0,0,0,0.9304,2,False
Tuesday,ts_psh,0,0,0,0.671,2,False
Tuesday,ts_ack,0,0,0,0.6397,2,False
Tuesday,ts_urg,0,0,0,1.0,1,True
Tuesday,ts_ece,0,0,0,0.9995,2,False
Tuesday,ts_cwr,0,0,0,0.9995,2,False
Tuesday,tc_fin,0,0,0,0.6654,2,False
Tuesday,tc_syn,0,0,0,0.6389,2,False
Tuesday,tc_rst,0,0,0,0.954,2,False
Tuesday,tc_psh,0,0,0,0.6737,2,False
Tuesday,tc_ack,0,0,0,0.6352,2,False
Tuesday,tc_urg,0,0,0,1.0,1,True
Tuesday,tc_ece,0,0,0,0.9996,2,False
Tuesday,tc_cwr,0,0,0,1.0,2,False
Tuesday,has_tcp,0,0,0,0.6271,2,False
Tuesday,tcp_closed,0,0,0,0.6528,2,False
Tuesday,tcp_established,0,0,0,0.9993,2,False
Tuesday,n_dns,0,0,0,0.3933,13,False
Tuesday,n_dns_query,0,0,0,0.3933,14,False
Tuesday,n_dns_answer,0,0,0,0.3933,13,False
Tuesday,dns_name_len,0,0,0,0.3933,77,False
Tuesday,dns_A,0,0,0,0.6108,10,False
Tuesday,dns_AAAA,0,0,0,0.8141,8,False
Tuesday,dns_PTR,0,0,0,0.9392,9,False
Tuesday,dns_other_type,0,0,0,0.9914,4,False
Tuesday,dns_nxdomain,0,0,0,0.9813,5,False
Tuesday,dns_servfail,0,0,0,0.9883,6,False
Tuesday,dns_n_answers,0,0,0,0.4987,61,False
Tuesday,dns_ttl_min,0,0,0,0.5413,7585,False
Tuesday,n_http,0,0,0,0.9226,58,False
Tuesday,http_get,0,0,0,0.9542,58,False
Tuesday,http_post,0,0,0,0.9686,23,False
Tuesday,http_other_method,0,0,0,0.9998,8,False
Tuesday,http_2xx,0,0,0,0.9346,53,False
Tuesday,http_3xx,0,0,0,0.9877,25,False
Tuesday,http_4xx,0,0,0,0.9985,7,False
Tuesday,http_5xx,0,0,0,0.9999,2,False
Tuesday,http_url_len,0,0,0,0.9226,939,False
Tuesday,http_host_len,0,0,0,0.9234,45,False
Tuesday,http_ua_len,0,0,0,0.9234,26,False
Tuesday,http_has_referer,0,0,0,0.9608,2,False
Tuesday,http_length,0,0,0,0.9341,4160,False
Tuesday,n_fileinfo,0,0,0,0.9332,51,False
Tuesday,fileinfo_size,0,0,0,0.9332,3587,False
Tuesday,has_tls,0,0,0,0.783,2,False
Tuesday,tls_v10,0,0,0,1.0,1,True
Tuesday,tls_v11,0,0,0,0.9999,2,False
Tuesday,tls_v12,0,0,0,0.8297,2,False
Tuesday,tls_sni_len,0,0,0,0.7838,61,False
Tuesday,tls_resumed,0,0,0,0.9504,2,False
Tuesday,tls_self_signed,0,0,0,1.0,2,False
Tuesday,tls_valid_days,0,0,0,0.833,468,False
Tuesday,has_ssh,0,0,0,0.9878,2,False
Tuesday,ssh_sw_len,0,0,0,0.9878,3,False
Tuesday,n_ftp,0,0,0,0.9848,8,False
Tuesday,ftp_err,0,0,0,0.9865,5,False
Tuesday,n_anomaly,0,0,0,0.985,36,False
Tuesday,dst_port,0,0,0,0.0002,828,False
Tuesday,proto_num,0,0,0,0.0,3,False
Wednesday,pkts_ts,0,0,0,0.0,659,False
Wednesday,pkts_tc,0,0,0,0.0223,836,False
Wednesday,bytes_ts,0,0,0,0.0,11711,False
Wednesday,bytes_tc,0,0,0,0.0223,25117,False
Wednesday,age,0,0,0,0.6447,908,False
Wednesday,bytes_per_pkt_ts,0,0,0,0.0,30996,False
Wednesday,bytes_per_pkt_tc,0,0,0,0.0223,40873,False
Wednesday,dir_ratio,0,0,0,0.0,88044,False
Wednesday,proto_tcp,0,0,0,0.4058,2,False
Wednesday,proto_udp,0,0,0,0.5943,2,False
Wednesday,proto_icmp,0,0,0,1.0,2,False
Wednesday,state_new,0,0,0,0.9723,2,False
Wednesday,state_established,0,0,0,0.5852,2,False
Wednesday,state_closed,0,0,0,0.4424,2,False
Wednesday,reason_timeout,0,0,0,0.0327,2,False
Wednesday,reason_forced,0,0,0,1.0,1,True
Wednesday,reason_shutdown,0,0,0,0.973,2,False
Wednesday,ts_fin,0,0,0,0.6701,2,False
Wednesday,ts_syn,0,0,0,0.4116,2,False
Wednesday,ts_rst,0,0,0,0.6022,2,False
Wednesday,ts_psh,0,0,0,0.4469,2,False
Wednesday,ts_ack,0,0,0,0.4235,2,False
Wednesday,ts_urg,0,0,0,1.0,1,True
Wednesday,ts_ece,0,0,0,0.9995,2,False
Wednesday,ts_cwr,0,0,0,0.9995,2,False
Wednesday,tc_fin,0,0,0,0.4449,2,False
Wednesday,tc_syn,0,0,0,0.4277,2,False
Wednesday,tc_rst,0,0,0,0.9767,2,False
Wednesday,tc_psh,0,0,0,0.4535,2,False
Wednesday,tc_ack,0,0,0,0.4223,2,False
Wednesday,tc_urg,0,0,0,1.0,1,True
Wednesday,tc_ece,0,0,0,0.9995,2,False
Wednesday,tc_cwr,0,0,0,1.0,2,False
Wednesday,has_tcp,0,0,0,0.4058,2,False
Wednesday,tcp_closed,0,0,0,0.4557,2,False
Wednesday,tcp_established,0,0,0,0.9994,2,False
Wednesday,n_dns,0,0,0,0.6056,11,False
Wednesday,n_dns_query,0,0,0,0.6056,11,False
Wednesday,n_dns_answer,0,0,0,0.6056,10,False
Wednesday,dns_name_len,0,0,0,0.6056,77,False
Wednesday,dns_A,0,0,0,0.7303,9,False
Wednesday,dns_AAAA,0,0,0,0.8642,8,False
Wednesday,dns_PTR,0,0,0,0.9992,4,False
Wednesday,dns_other_type,0,0,0,0.9955,4,False
Wednesday,dns_nxdomain,0,0,0,0.9978,4,False
Wednesday,dns_servfail,0,0,0,0.9935,4,False
Wednesday,dns_n_answers,0,0,0,0.6682,62,False
Wednesday,dns_ttl_min,0,0,0,0.7063,4943,False
Wednesday,n_http,0,0,0,0.5957,79,False
Wednesday,http_get,0,0,0,0.6197,77,False
Wednesday,http_post,0,0,0,0.9784,24,False
Wednesday,http_other_method,0,0,0,0.9979,8,False
Wednesday,http_2xx,0,0,0,0.6075,70,False
Wednesday,http_3xx,0,0,0,0.9936,37,False
Wednesday,http_4xx,0,0,0,0.998,8,False
Wednesday,http_5xx,0,0,0,1.0,3,False
Wednesday,http_url_len,0,0,0,0.5957,839,False
Wednesday,http_host_len,0,0,0,0.6011,49,False
Wednesday,http_ua_len,0,0,0,0.5964,67,False
Wednesday,http_has_referer,0,0,0,0.6334,2,False
Wednesday,http_length,0,0,0,0.6065,3848,False
Wednesday,n_fileinfo,0,0,0,0.6062,66,False
Wednesday,fileinfo_size,0,0,0,0.6062,3311,False
Wednesday,has_tls,0,0,0,0.8641,2,False
Wednesday,tls_v10,0,0,0,1.0,1,True
Wednesday,tls_v11,0,0,0,0.9999,2,False
Wednesday,tls_v12,0,0,0,0.8727,2,False
Wednesday,tls_sni_len,0,0,0,0.8643,63,False
Wednesday,tls_resumed,0,0,0,0.9768,2,False
Wednesday,tls_self_signed,0,0,0,1.0,2,False
Wednesday,tls_valid_days,0,0,0,0.8875,480,False
Wednesday,has_ssh,0,0,0,0.9977,2,False
Wednesday,ssh_sw_len,0,0,0,0.9977,2,False
Wednesday,n_ftp,0,0,0,0.9989,4,False
Wednesday,ftp_err,0,0,0,1.0,2,False
Wednesday,n_anomaly,0,0,0,0.9885,55,False
Wednesday,dst_port,0,0,0,0.0001,2766,False
Wednesday,proto_num,0,0,0,0.0,4,False
Thursday,pkts_ts,0,0,0,0.0,697,False
Thursday,pkts_tc,0,0,0,0.1109,859,False
Thursday,bytes_ts,0,0,0,0.0,11276,False
Thursday,bytes_tc,0,0,0,0.1109,25055,False
Thursday,age,0,0,0,0.6953,856,False
Thursday,bytes_per_pkt_ts,0,0,0,0.0,28685,False
Thursday,bytes_per_pkt_tc,0,0,0,0.1109,39852,False
Thursday,dir_ratio,0,0,0,0.0,73927,False
Thursday,proto_tcp,0,0,0,0.5142,2,False
Thursday,proto_udp,0,0,0,0.4862,2,False
Thursday,proto_icmp,0,0,0,0.9998,2,False
Thursday,state_new,0,0,0,0.8872,2,False
Thursday,state_established,0,0,0,0.4884,2,False
Thursday,state_closed,0,0,0,0.6244,2,False
Thursday,reason_timeout,0,0,0,0.0246,2,False
Thursday,reason_forced,0,0,0,1.0,1,True
Thursday,reason_shutdown,0,0,0,0.9807,2,False
Thursday,ts_fin,0,0,0,0.7332,2,False
Thursday,ts_syn,0,0,0,0.5232,2,False
Thursday,ts_rst,0,0,0,0.9494,2,False
Thursday,ts_psh,0,0,0,0.7511,2,False
Thursday,ts_ack,0,0,0,0.7211,2,False
Thursday,ts_urg,0,0,0,1.0,1,True
Thursday,ts_ece,0,0,0,0.9996,2,False
Thursday,ts_cwr,0,0,0,0.9996,2,False
Thursday,tc_fin,0,0,0,0.7441,2,False
Thursday,tc_syn,0,0,0,0.7195,2,False
Thursday,tc_rst,0,0,0,0.8712,2,False
Thursday,tc_psh,0,0,0,0.754,2,False
Thursday,tc_ack,0,0,0,0.6172,2,False
Thursday,tc_urg,0,0,0,1.0,1,True
Thursday,tc_ece,0,0,0,0.9997,2,False
Thursday,tc_cwr,0,0,0,1.0,2,False
Thursday,has_tcp,0,0,0,0.5142,2,False
Thursday,tcp_closed,0,0,0,0.6321,2,False
Thursday,tcp_established,0,0,0,0.9997,2,False
Thursday,n_dns,0,0,0,0.5024,11,False
Thursday,n_dns_query,0,0,0,0.5024,13,False
Thursday,n_dns_answer,0,0,0,0.5024,10,False
Thursday,dns_name_len,0,0,0,0.5024,77,False
Thursday,dns_A,0,0,0,0.6679,10,False
Thursday,dns_AAAA,0,0,0,0.8199,8,False
Thursday,dns_PTR,0,0,0,0.9984,5,False
Thursday,dns_other_type,0,0,0,0.9951,3,False
Thursday,dns_nxdomain,0,0,0,0.9974,4,False
Thursday,dns_servfail,0,0,0,0.9929,4,False
Thursday,dns_n_answers,0,0,0,0.5878,56,False
Thursday,dns_ttl_min,0,0,0,0.6212,5313,False
Thursday,n_http,0,0,0,0.9337,57,False
Thursday,http_get,0,0,0,0.963,58,False
Thursday,http_post,0,0,0,0.9712,22,False
Thursday,http_other_method,0,0,0,0.9993,9,False
Thursday,http_2xx,0,0,0,0.9423,53,False
Thursday,http_3xx,0,0,0,0.991,26,False
Thursday,http_4xx,0,0,0,0.9992,5,False
Thursday,http_5xx,0,0,0,1.0,2,False
Thursday,http_url_len,0,0,0,0.9337,869,False
Thursday,http_host_len,0,0,0,0.9345,47,False
Thursday,http_ua_len,0,0,0,0.9345,26,False
Thursday,http_has_referer,0,0,0,0.9688,2,False
Thursday,http_length,0,0,0,0.9425,3932,False
Thursday,n_fileinfo,0,0,0,0.9424,53,False
Thursday,fileinfo_size,0,0,0,0.9424,3305,False
Thursday,has_tls,0,0,0,0.8292,2,False
Thursday,tls_v10,0,0,0,1.0,1,True
Thursday,tls_v11,0,0,0,0.9999,2,False
Thursday,tls_v12,0,0,0,0.8442,2,False
Thursday,tls_sni_len,0,0,0,0.8292,61,False
Thursday,tls_resumed,0,0,0,0.9656,2,False
Thursday,tls_self_signed,0,0,0,0.9999,2,False
Thursday,tls_valid_days,0,0,0,0.864,489,False
Thursday,has_ssh,0,0,0,0.9967,2,False
Thursday,ssh_sw_len,0,0,0,0.9967,3,False
Thursday,n_ftp,0,0,0,0.9984,6,False
Thursday,ftp_err,0,0,0,0.9999,3,False
Thursday,n_anomaly,0,0,0,0.9894,37,False
Thursday,dst_port,0,0,0,0.0004,1869,False
Thursday,proto_num,0,0,0,0.0,4,False
Friday,pkts_ts,0,0,0,0.0,680,False
Friday,pkts_tc,0,0,0,0.0126,840,False
Friday,bytes_ts,0,0,0,0.0,11283,False
Friday,bytes_tc,0,0,0,0.0126,23770,False
Friday,age,0,0,0,0.6376,874,False
Friday,bytes_per_pkt_ts,0,0,0,0.0,27788,False
Friday,bytes_per_pkt_tc,0,0,0,0.0126,37743,False
Friday,dir_ratio,0,0,0,0.0,72075,False
Friday,proto_tcp,0,0,0,0.3386,2,False
Friday,proto_udp,0,0,0,0.6616,2,False
Friday,proto_icmp,0,0,0,1.0,2,False
Friday,state_new,0,0,0,0.9841,2,False
Friday,state_established,0,0,0,0.6642,2,False
Friday,state_closed,0,0,0,0.3517,2,False
Friday,reason_timeout,0,0,0,0.0241,2,False
Friday,reason_forced,0,0,0,1.0,1,True
Friday,reason_shutdown,0,0,0,0.9848,2,False
Friday,ts_fin,0,0,0,0.8421,2,False
Friday,ts_syn,0,0,0,0.3433,2,False
Friday,ts_rst,0,0,0,0.7814,2,False
Friday,ts_psh,0,0,0,0.6651,2,False
Friday,ts_ack,0,0,0,0.6496,2,False
Friday,ts_urg,0,0,0,1.0,1,True
Friday,ts_ece,0,0,0,0.9998,2,False
Friday,ts_cwr,0,0,0,0.9997,2,False
Friday,tc_fin,0,0,0,0.6642,2,False
Friday,tc_syn,0,0,0,0.6505,2,False
Friday,tc_rst,0,0,0,0.6828,2,False
Friday,tc_psh,0,0,0,0.6665,2,False
Friday,tc_ack,0,0,0,0.3457,2,False
Friday,tc_urg,0,0,0,1.0,1,True
Friday,tc_ece,0,0,0,0.9998,2,False
Friday,tc_cwr,0,0,0,1.0,2,False
Friday,has_tcp,0,0,0,0.3386,2,False
Friday,tcp_closed,0,0,0,0.358,2,False
Friday,tcp_established,0,0,0,0.9997,2,False
Friday,n_dns,0,0,0,0.6726,13,False
Friday,n_dns_query,0,0,0,0.6726,12,False
Friday,n_dns_answer,0,0,0,0.6726,12,False
Friday,dns_name_len,0,0,0,0.6727,78,False
Friday,dns_A,0,0,0,0.7887,10,False
Friday,dns_AAAA,0,0,0,0.8821,9,False
Friday,dns_PTR,0,0,0,0.9912,9,False
Friday,dns_other_type,0,0,0,0.9955,3,False
Friday,dns_nxdomain,0,0,0,0.9961,5,False
Friday,dns_servfail,0,0,0,0.9947,5,False
Friday,dns_n_answers,0,0,0,0.731,65,False
Friday,dns_ttl_min,0,0,0,0.7536,5940,False
Friday,n_http,0,0,0,0.7739,63,False
Friday,http_get,0,0,0,0.791,63,False
Friday,http_post,0,0,0,0.9831,20,False
Friday,http_other_method,0,0,0,0.9999,6,False
Friday,http_2xx,0,0,0,0.7802,52,False
Friday,http_3xx,0,0,0,0.9933,32,False
Friday,http_4xx,0,0,0,0.9994,5,False
Friday,http_5xx,0,0,0,1.0,3,False
Friday,http_url_len,0,0,0,0.7739,1044,False
Friday,http_host_len,0,0,0,0.9551,45,False
Friday,http_ua_len,0,0,0,0.9552,28,False
Friday,http_has_referer,0,0,0,0.9764,2,False
Friday,http_length,0,0,0,0.7818,4156,False
Friday,n_fileinfo,0,0,0,0.7814,56,False
Friday,fileinfo_size,0,0,0,0.7814,3575,False
Friday,has_tls,0,0,0,0.9,2,False
Friday,tls_v10,0,0,0,1.0,1,True
Friday,tls_v11,0,0,0,0.9999,2,False
Friday,tls_v12,0,0,0,0.907,2,False
Friday,tls_sni_len,0,0,0,0.9001,56,False
Friday,tls_resumed,0,0,0,0.9806,2,False
Friday,tls_self_signed,0,0,0,1.0,2,False
Friday,tls_valid_days,0,0,0,0.9196,472,False
Friday,has_ssh,0,0,0,0.9981,2,False
Friday,ssh_sw_len,0,0,0,0.9981,2,False
Friday,n_ftp,0,0,0,0.999,5,False
Friday,ftp_err,0,0,0,1.0,2,False
Friday,n_anomaly,0,0,0,0.9912,36,False
Friday,dst_port,0,0,0,0.0001,3366,False
Friday,proto_num,0,0,0,0.0,5,False
